,Uber Type,Origin Region,Destination Region,Origin Latitude,Origin Longitude,Destination Latitude,Destination Longitude,Journey Distance(m),Departure Date,Departure Time,Travel Time(s),Arrival Time,Fare$
ID5377894413,2,7,8,-37.8618349,144.905716,-37.807202,145.0266373,13992.0,2018-06-07,05:15:28,4292.399999999998,6:27:00,284.89
ID3620970128,1,3,1,-37.809416,144.9894544,-37.8025752,144.9632697,2765.1,2018-04-27,20:20:59,703.3799999999999,20:32:42,11.27
ID1484350483,0,6,9,-37.7738026,144.9836466,-38.1109156,144.6541725,51069.3,2018-02-01,06:00:42,12976.499999999996,9:36:58,27.89
ID5975229564,2,6,8,-37.7874421,144.9804091,-37.807202,145.0266373,5789.0,2018-01-04,04:47:50,1492.6800000000005,5:12:42,118.25
ID3313658785,1,3,8,-37.8220888,144.96947,-37.8158343,145.04645,7925.0,2018-03-28,23:41:07,2356.0800000000004,0:20:23,25.31
ID1805314245,0,5,9,-37.8092158,144.9372023,-38.1109156,144.6541725,42982.0,2018-04-03,23:05:46,10286.699999999999,1:57:12,30.41
ID1303615241,0,5,4,-37.8048043,144.9244857,-37.7995701,145.0108497,8500.0,2018-05-25,07:06:37,2273.579999999999,7:44:30,7.35
ID1484910345,0,3,6,-37.8232838,144.9700191,-37.7874325,144.9803767,4545.0,2018-04-15,18:05:54,1132.8,18:24:46,12.23
ID3559388277,1,1,6,-37.8081885,144.9600269,-37.7874325,144.9803767,3632.9,2018-06-21,21:31:17,919.3800000000001,21:46:36,18.85
ID3804357375,1,6,9,-37.7874325,144.9803767,-38.1109156,144.6541725,47033.0,2018-06-07,00:00:42,11350.5,3:09:52,55.63
ID3524947922,1,3,5,-37.8227713,144.9775766,-37.803796,144.9181405,6351.0,2018-04-23,09:06:22,1612.86,9:33:14,11.86
ID3787225721,1,7,4,-37.8618349,144.905716,-37.8000781,145.0104891,12721.9,2018-04-07,16:31:16,4073.0999999999976,17:39:09,32.61
ID5512387521,2,1,4,-37.8018067,144.9456149,-37.8163229,145.0110807,6589.0,2018-02-05,16:53:38,1472.4600000000003,17:18:10,107.61
ID5492631791,2,3,7,-37.8129627,144.9904174,-37.8618349,144.905716,10079.0,2018-01-03,10:43:10,3381.78,11:39:31,214.37
ID1464483677,0,1,5,-37.8058079,144.9460617,-37.805324,144.933267,1392.0,2018-04-05,12:56:11,387.78,13:02:38,8.4
ID1565741586,0,7,3,-37.7999888,144.9923328,-37.8213193,144.9908534,2599.0,2018-07-17,15:19:01,657.6000000000003,15:29:58,8.58
ID3629234836,1,7,4,-37.8618349,144.905716,-37.8032039,144.9963452,11366.0,2018-02-22,04:42:50,3669.899999999998,5:43:59,28.9
ID3507017676,1,8,9,-37.807202,145.0266373,-38.1109156,144.6541725,49777.0,2018-03-02,20:31:12,12069.779999999999,23:52:21,52.91
ID3377995102,1,7,8,-37.8618349,144.905716,-37.807202,145.0266373,13986.0,2018-06-06,04:47:37,4292.399999999998,5:59:09,28.92
ID5564654890,2,8,4,-37.807202,145.0266373,-37.7992818,144.9971556,2867.0,2018-04-19,23:33:50,754.26,23:46:24,73.14
ID5559058229,2,6,9,-37.7907967,144.985865,-38.1109156,144.6541725,47193.0,2018-04-27,15:03:06,11530.619999999999,18:15:16,706.11
ID1902209438,0,4,9,-37.8004308,145.0095141,-38.1109156,144.6541725,48476.0,2018-03-09,03:53:01,11813.46,7:09:54,34.39
ID3724280880,1,1,3,-37.8038301,144.9633966,-37.825316,144.9771199,2993.0,2018-03-07,19:42:35,817.2000000000002,19:56:12,12.62
ID1941038123,0,9,3,-38.1109156,144.6541725,-37.8121065,144.9738372,44424.0,2018-02-17,20:12:52,10707.359999999997,23:11:19,30.84
ID1222900173,0,5,9,-37.8158343,145.04645,-38.1109156,144.6541725,51032.0,2018-06-20,01:46:43,12681.059999999998,5:18:04,36.63
ID3636477331,1,2,9,-37.8249449,144.9487577,-38.1109156,144.6541725,42334.0,2018-04-06,04:18:59,10168.259999999998,7:08:27,50.45
ID3698473830,1,2,5,-37.8201966,144.9462139,-37.8001131,144.9353096,4988.0,2018-07-15,21:13:05,1196.4,21:33:01,22.43
ID3254681459,1,7,3,-37.8618349,144.905716,-37.8222097,144.9678411,7838.0,2018-03-21,13:36:01,2732.219999999999,14:21:33,21.0
ID3600347120,1,4,2,-37.8152448,144.9276603,-37.8153997,144.9378383,1940.0,2018-01-02,13:36:24,476.7,13:44:20,10.63
ID1900132528,0,3,5,-37.8158343,145.04645,-37.812655,144.9252437,11257.0,2018-07-15,23:08:20,3172.1999999999975,0:01:12,21.2
ID1186164002,0,5,3,-37.813666,144.9400208,-37.8185851,144.9915878,5285.0,2018-06-04,12:57:34,1306.2000000000005,13:19:20,9.58
ID5192242757,2,9,4,-38.1109156,144.6541725,-37.809623,145.0150468,48591.0,2018-07-16,10:14:29,11737.560000000003,13:30:06,711.14
ID3398126654,1,7,9,-37.8618349,144.905716,-38.1109156,144.6541725,50797.0,2018-04-13,06:43:34,13173.359999999999,10:23:07,52.96
ID3558075284,1,4,6,-37.8113945,144.9958138,-37.8223726,144.9835773,2087.0,2018-01-20,22:10:11,457.86,22:17:48,20.24
ID3506564010,1,1,3,-37.8071322,144.9598125,-37.8208963,144.9670096,1882.0,2018-02-22,14:07:59,523.5599999999998,14:16:42,10.53
ID1441645394,0,5,2,-37.8029687,144.9381927,-37.8216583,144.9425787,3005.0,2018-05-20,17:18:10,750.48,17:30:40,12.36
ID3475883018,1,9,8,-38.1109156,144.6541725,-37.8326512,144.9903468,46542.0,2018-04-09,23:02:21,11211.299999999997,2:09:12,56.55
ID3891083380,1,8,2,-37.8158343,145.04645,-37.8102304,144.9305611,11396.0,2018-01-13,01:41:19,3180.8999999999987,2:34:19,31.64
ID1666091188,0,6,2,-37.7738026,144.9836466,-37.8158343,145.04645,13562.0,2018-06-14,09:56:50,4213.5599999999995,11:07:03,11.45
ID1654127659,0,9,7,-38.1109156,144.6541725,-37.8618349,144.905716,50797.0,2018-06-07,12:13:37,13204.979999999994,15:53:41,31.98
ID3454664915,1,9,1,-38.1109156,144.6541725,-37.8071465,144.9336525,43191.0,2018-02-02,08:22:07,10336.979999999996,11:14:23,43.55
ID1929513987,0,3,8,-37.8142319,144.9728163,-37.8056237,144.9331705,4535.0,2018-01-26,11:01:57,1191.3599999999997,11:21:48,4.46
ID1231632979,0,5,6,-37.8002879,144.9367364,-37.773845,144.9836895,7218.0,2018-02-01,18:15:40,1622.7000000000003,18:42:42,11.81
ID5903245397,2,2,4,-37.8180479,144.9486133,-37.8113501,145.0009867,5061.0,2018-04-12,05:40:59,1161.4200000000003,6:00:20,98.32
ID1974951082,0,8,9,-37.8158343,145.04645,-38.1109156,144.6541725,51032.0,2018-01-11,20:10:54,12681.059999999998,23:42:15,31.99
ID1889202968,0,9,3,-38.1109156,144.6541725,-37.8261241,144.979587,45292.0,2018-01-07,10:22:06,10925.699999999997,13:24:11,26.82
ID5988950225,2,9,3,38.1109156,144.6541725,-37.8162002,145.0019613,47056.0,2018-03-28,02:40:35,11318.400000000001,5:49:13,702.6
ID1792811306,0,9,5,38.1109156,144.6541725,-37.8088818,144.9283336,44059.0,2018-03-01,00:23:09,10583.339999999995,3:19:32,32.61
ID3677987915,1,1,9,37.8167395,144.9602506,-38.1109156,144.6541725,43152.0,2018-06-01,15:53:49,10389.179999999998,18:46:58,46.29
ID1839250599,0,3,2,-37.8197288,145.0098886,-37.8152251,144.927562,8873.0,2018-05-24,20:20:52,2155.92,20:56:47,11.3
ID5143371557,2,4,5,37.811866,145.0130405,-37.8095207,144.9369169,7075.0,2018-06-03,20:56:15,1790.7599999999993,21:26:05,134.91
ID1760736611,0,8,1,-37.807202,145.0266373,-37.8198488,144.9683212,6535.0,2018-05-16,20:31:22,1658.1600000000005,20:59:00,10.53
ID1452825885,0,9,1,38.1109156,144.6541725,-37.8080923,144.9758119,44777.0,2018-06-16,01:26:36,10816.620000000008,4:26:52,35.9
ID3289919949,1,6,8,-37.7874421,144.9804091,-37.8158343,145.04645,8357.0,2018-06-13,00:51:54,2437.38,1:32:31,22.78
ID3275739401,1,7,4,-37.8618349,144.905716,-37.803444,145.0109935,12609.0,2018-04-08,09:04:35,4059.299999999998,10:12:14,24.79
ID1399350532,0,2,5,-37.8178886,144.9462806,-37.8062405,144.9319798,2133.0,2018-01-14,06:22:24,547.8000000000001,6:31:31,8.05
ID5989461940,2,5,3,-37.8051063,144.9282488,-37.8189675,144.98492,5880.0,2018-04-25,22:12:15,1444.0800000000002,22:36:19,114.79
ID1814055402,0,9,5,-38.1109156,144.6541725,-37.800275,144.9293559,44265.0,2018-05-16,02:54:52,10592.399999999998,5:51:24,31.75
ID3771755584,1,6,5,-37.7907967,144.985865,-37.8097758,144.93699,6105.0,2018-03-28,06:35:19,1669.3199999999995,7:03:08,11.41
ID3788649317,1,2,6,-37.8205611,144.9487888,37.7738026,144.9836466,9690.0,2018-02-19,16:07:12,2940.9,16:56:12,19.22
ID5567571730,2,9,8,-38.1109156,144.6541725,37.8158343,145.04645,51032.0,2018-07-01,05:21:42,12681.060000000005,8:53:03,791.68
ID1549901591,0,2,9,-37.8234574,144.9358566,38.1109156,144.6541725,43283.0,2018-05-02,04:37:09,10461.24,7:31:30,31.6
ID5569894576,2,7,1,-37.8618349,144.905716,-37.8049954,144.9476554,9802.0,2018-05-03,02:46:13,3305.159999999998,3:41:18,225.05
ID1980268568,0,8,4,-37.8158343,145.04645,37.8081941,144.9998632,4393.0,2018-03-03,11:53:18,1404.3600000000001,12:16:42,10.05
ID1148980304,0,3,8,-37.8233837,144.970383,37.8158343,145.04645,7957.0,2018-07-09,00:07:11,2286.54,0:45:17,15.96
ID3984479414,1,2,8,-37.8178886,144.9462806,-37.8158343,145.04645,9447.0,2018-05-03,06:57:32,2666.1000000000004,7:41:58,14.79
ID3595602513,1,6,5,-37.7908183,144.9857929,-37.8102573,144.936063,6197.0,2018-03-20,21:35:45,1590.5999999999997,22:02:15,20.94
ID5394414770,2,2,8,-37.815309,144.9459185,-37.8158343,145.04645,9129.0,2018-03-06,03:00:40,2547.8999999999996,3:43:07,182.75
ID1516229987,0,1,7,-37.8157161,144.9370133,-37.8618349,144.905716,10475.0,2018-03-10,16:47:36,3433.2000000000003,17:44:49,15.74
ID3395964502,1,3,6,-37.8246995,144.9847221,-37.7874421,144.9804091,4739.0,2018-03-21,23:52:01,1234.26,0:12:35,20.35
ID3609921385,1,8,4,-37.807202,145.0266373,-37.8161788,145.0074542,2770.0,2018-07-07,15:04:37,659.6400000000003,15:15:36,17.09
ID1245023926,0,4,7,-37.8098465,145.0028962,-37.8618349,144.905716,11386.0,2018-07-01,09:29:55,3664.4400000000005,10:30:59,13.94
ID3856626661,1,7,2,-37.8618349,144.905716,-37.8223314,144.9475823,8860.0,2018-03-03,07:33:54,3195.94,8:25:32,19.89
ID1256499962,0,6,9,-37.7874325,144.9803767,-38.1109156,144.6541725,47033.0,2018-03-28,22:38:44,11350.5,1:47:54,31.38
ID1481986689,0,8,1,-37.807202,145.0266373,-37.8056364,144.9367091,8640.0,2018-07-16,16:02:31,2249.9999999999995,16:40:01,11.73
ID5885731302,2,8,6,-37.8158343,145.04645,-37.7874325,144.9803767,8361.0,2018-04-24,09:41:05,2438.2200000000003,10:21:43,158.68
ID3852696848,1,7,1,-37.8618349,144.905716,-37.8032472,144.9635538,9387.0,2018-06-20,03:04:36,3175.239999999998,3:56:21,25.99
ID3423791321,1,5,8,-37.8005849,144.9344349,-37.8158343,145.04645,12290.0,2018-07-05,10:50:26,3380.6400000000003,11:46:46,16.64
ID5182743462,2,4,2,-37.8085998,145.0004766,-37.8184468,144.9487972,5315.0,2018-03-05,13:04:37,1295.5800000000002,13:26:12,99.77
ID3553915400,1,1,6,-37.8135033,144.9617899,-37.773845,144.9836895,5188.0,2018-05-24,18:23:55,1148.5,18:42:08,12.26
ID1697958676,0,2,6,-37.8197232,144.9468102,-37.7874325,144.9803767,5571.0,2018-06-05,11:09:11,1328.8200000000002,11:31:19,4.82
ID3294405618,1,6,3,-37.7874421,144.9804091,-37.8190779,144.9738123,3921.0,2018-07-09,05:30:55,997.8600000000004,5:47:32,17.77
ID1283528715,0,3,4,-37.8185787,144.99213,-37.7994347,144.9889735,2551.0,2018-06-28,21:46:27,702.8999999999999,21:56:51,12.99
ID3936027366,1,4,8,-37.8128293,145.0150085,-37.8158343,145.04645,4539.0,2018-01-12,15:35:15,1444.2,15:59:19,13.37
ID3405691778,1,5,9,-37.8029536,144.936477,-38.1109156,144.6541725,43803.0,2018-02-27,20:47:44,10517.339999999998,23:43:01,48.14
ID3406329299,1,9,1,-38.1109156,144.6541725,-37.8071932,144.9674688,44174.0,2018-06-04,13:09:51,10766.960000000012,16:07:51,50.42
ID5167880709,2,1,2,-37.8155682,144.9527158,-37.8215112,144.945135,1271.0,2018-06-02,07:49:00,315.0,7:54:24,36.83
ID1489890638,0,7,8,-37.8618349,144.905716,-37.807202,145.0266373,13986.0,2018-07-07,05:26:08,4334.399999999998,6:37:40,23.29
ID5415232419,2,9,5,-38.1109156,144.6541725,-37.8039338,144.9382392,43613.0,2018-04-06,16:50:18,10471.739999999996,19:44:49,644.24
ID1893394031,0,1,6,-37.8215042,144.9456369,-37.7907967,144.985865,5825.0,2018-05-22,05:36:53,1496.8200000000002,6:01:55,13.2
ID1863203684,0,9,8,-38.1109156,144.6541725,-37.8158343,145.04645,51032.0,2018-05-06,22:50:27,12681.060000000005,2:21:48,39.88
ID1767929066,0,6,1,-37.7874421,144.9804091,-37.8016092,144.9584589,3454.0,2018-02-03,09:23:20,887.7400000000001,9:37:45,6.21
ID3407514577,1,6,8,-37.7908183,144.9857929,-37.8158343,145.04645,7471.0,2018-04-26,14:48:30,2192.7000000000003,15:25:02,17.55
ID1247127016,0,8,5,-37.8158343,145.04645,-37.8084848,144.925964,10995.0,2018-06-04,18:23:18,3122.3999999999983,19:15:20,13.61
ID1997065951,0,2,7,-37.8231612,144.9517464,-37.8618349,144.905716,8470.0,2018-02-09,09:04:05,2961.42,9:53:26,8.22
ID1808978826,0,1,2,-37.8058221,144.9333802,-37.8127594,144.9428102,1354.0,2018-04-15,03:27:25,326.46,3:32:51,17.67
ID1940168935,0,7,4,-37.8618349,144.905716,-37.8139422,145.015182,13071.0,2018-04-24,22:54:44,3905.6999999999994,23:59:49,21.24
ID5511239196,2,8,3,-37.807202,145.0266373,-37.815866,144.9724123,5780.0,2018-07-03,01:39:00,1439.1000000000001,2:02:59,114.72
ID1780699400,0,7,9,-37.8618349,144.905716,-38.1109156,144.6541725,50797.0,2018-02-19,15:14:15,13173.359999999999,18:53:48,32.53
ID1443312557,0,6,9,-37.7874325,144.9803767,-38.1109156,144.6541725,47033.0,2018-07-24,02:47:39,11350.5,5:56:49,34.01
ID3571853055,1,4,6,-37.8114152,145.0050906,-37.773845,144.9836895,7075.0,2018-04-22,22:41:17,1537.14,23:06:54,25.02
ID5519642032,2,4,2,-37.8111797,145.000531,-37.8177493,144.9485325,4988.0,2018-02-22,11:12:18,1123.6199999999997,11:31:16,80.73
ID3595511651,1,5,7,-37.8092805,144.9320471,-37.8618349,144.905716,10896.0,2018-02-16,02:11:36,3529.0800000000004,3:10:25,26.18
ID3442855499,1,6,9,-37.7874325,144.9803767,-38.1109156,144.6541725,47033.0,2018-03-14,04:17:51,11350.5,7:27:01,55.51
ID3239478455,1,1,6,-37.8154918,144.9665306,-37.7738026,144.9836466,8084.0,2018-06-25,13:25:21,2602.0200000000004,14:08:43,20.17
ID5839305725,2,8,3,-37.807202,145.0266373,-37.8149081,144.9823976,4997.0,2018-03-03,06:46:39,1196.8199999999997,7:06:35,89.65
ID1507347850,0,7,3,-37.8618349,144.905716,-37.8200911,145.0024237,10913.0,2018-02-24,12:38:03,3470.639999999999,13:35:53,16.39
ID1991833643,0,7,1,-37.8618349,144.905716,-37.8130127,144.9389462,10797.0,2018-07-27,03:36:01,3489.6599999999985,4:34:10,20.05
ID3122333427,1,3,5,-37.8164954,144.9702995,-37.8017383,144.9311332,4603.0,2018-03-04,09:02:34,1164.6599999999999,9:21:58,15.23
ID3725176549,1,4,3,-37.7964641,145.0091307,-37.8204553,144.9769294,5125.0,2018-02-09,05:22:31,1346.2200000000007,8:48:26,18.15
ID1153341208,0,3,5,-37.8242732,144.9867417,-37.8090886,144.9291438,5978.0,2018-02-18,06:57:58,1492.0800000000002,7:22:50,8.9
ID5725329305,2,2,7,-37.820153,144.9428437,-37.8618349,144.905716,9445.0,2018-07-01,07:53:59,3257.88,8:16:31,213.2
ID1441655760,0,7,4,-37.8618349,144.905716,-37.8098294,144.9938236,10491.0,2018-04-24,06:18:07,3472.439999999998,7:15:59,11.29
ID3485658525,1,8,3,-37.8158343,145.04645,-37.8158704,144.9996609,4643.0,2018-02-01,20:12:20,1479.36,20:36:59,13.52
ID1808280115,0,5,2,-37.8052075,144.9302313,-37.8234402,144.937746,3423.0,2018-06-24,21:37:17,845.64,21:51:22,17.03
ID1730303929,0,4,5,-37.8043758,145.0136079,-37.8149165,144.9272684,9454.0,2018-03-14,01:02:35,2496.959999999998,1:44:11,16.53
ID5285855796,2,1,6,-37.8199269,144.95905,-37.7874421,144.9804091,4694.0,2018-07-26,07:35:37,1141.62,7:54:38,80.76
ID1292240787,0,2,7,-37.8170882,144.932764,-37.8618349,144.905716,10720.0,2018-07-11,16:36:47,3559.0200000000004,17:36:06,13.61
ID3792679633,1,4,2,-37.8111429,145.0029111,-37.8132995,144.9370402,6258.0,2018-01-18,06:46:19,1577.7599999999993,7:12:36,9.11
ID1366512292,0,5,1,-37.8080056,144.936268,-37.8232307,144.9558116,2684.0,2018-02-03,13:25:09,663.4200000000003,13:36:12,10.89
ID3632675508,1,4,3,-37.7973366,145.0107,-37.8126411,144.9779078,4330.0,2018-01-10,18:05:37,1204.7400000000007,18:25:41,13.6
ID3205855042,1,4,5,-37.7985046,145.0070939,-37.8169526,144.9274736,10386.0,2018-04-03,14:42:27,2742.1799999999994,16:40:36,19.92
ID1804735716,0,7,3,-37.8618349,144.905716,-37.8122037,144.9745305,8757.0,2018-01-24,13:23:01,2937.059999999999,14:11:58,12.75
ID3791238962,1,3,9,-37.8200722,144.982469,-38.1109156,144.6541725,45331.0,2018-02-27,12:58:48,10908.3,16:00:36,50.47
ID1980925891,0,2,9,-37.8127746,144.9396702,-38.1109156,144.6541725,42728.0,2018-04-12,07:20:22,10234.619999999999,10:10:56,22.07
ID1314662716,0,5,4,-37.8047601,144.9366538,-37.8107895,145.0143841,7125.0,2018-02-17,18:18:28,1849.6800000000003,18:49:17,12.23
ID1216666488,0,3,1,-37.8241555,144.9839057,-37.8114704,144.9375319,5608.0,2018-06-19,01:47:52,1369.1399999999999,2:10:41,13.2
ID1830681294,0,4,2,-37.8112457,145.0004382,-37.8151511,144.9448556,5183.0,2018-05-26,19:24:02,1302.84,19:45:44,13.24
ID3468839289,1,7,2,-37.8618349,144.905716,-37.8143416,144.9473668,9439.0,2018-04-07,06:41:31,3164.1599999999985,7:34:15,19.11
ID5491340077,2,8,1,-37.8158343,145.04645,-37.8121267,144.9508691,8625.0,2018-02-27,21:44:18,2438.8199999999983,22:24:56,173.94
ID3940106585,1,8,5,-37.8158343,145.04645,-37.805207,144.9328891,10270.0,2018-02-13,07:52:56,2913.479999999998,9:37:50,15.59
ID5307951321,2,9,3,-38.1109156,144.6541725,-37.8241449,144.990571,45975.0,2018-07-20,03:07:18,11075.100000000004,6:11:53,689.23
ID5850366845,2,7,4,-37.8618349,144.905716,-37.811866,145.0130405,12179.0,2018-06-02,18:02:43,3865.079999999998,19:07:08,257.45
ID3145213799,1,1,5,-37.8130167,144.9598849,-37.8154839,144.9282243,4095.0,2018-06-24,13:37:18,1062.6000000000004,15:02:23,17.43
ID5805693896,2,2,3,-37.8124537,144.936279,-37.8182368,144.9961532,6065.0,2018-02-16,07:02:27,1518.4800000000005,8:08:23,102.86
ID1632859907,0,1,7,-37.8062604,144.9571842,-37.8618349,144.905716,9176.0,2018-06-20,18:52:08,3078.5999999999995,19:43:26,15.7
ID1198608319,0,6,3,-37.7738026,144.9836466,-37.8218353,144.9779428,8863.0,2018-06-11,23:07:54,2750.9999999999995,23:53:45,19.25
ID3612418883,1,8,2,-37.8158343,145.04645,-37.81144,144.9374027,10433.0,2018-05-03,14:29:20,2922.899999999997,15:18:02,21.43
ID3680199312,1,2,4,-37.8163922,144.9373381,-37.8053578,144.9995589,6653.0,2018-01-03,18:55:12,1723.4400000000005,19:23:55,14.61
ID3462781138,1,9,2,-38.1109156,144.6541725,-37.82445,144.9465365,42217.0,2018-01-04,23:23:58,10155.959999999995,2:13:13,52.99
ID3579640632,1,2,6,-37.813504,144.9376699,-37.773845,144.9836895,6976.0,2018-01-03,11:22:25,1557.06,11:48:22,11.38
ID5420422257,2,9,6,-38.1109156,144.6541725,-37.7738026,144.9836466,51061.0,2018-05-06,10:42:02,12952.44000000001,16:20:45,789.32
ID5859798608,2,7,3,-37.8618349,144.905716,-37.8246072,144.9887165,9209.0,2018-04-05,21:32:27,3008.76,22:22:35,208.21
ID3197293955,1,8,7,-37.8158343,145.04645,-37.8618349,144.905716,15151.0,2018-01-17,03:20:31,4917.479999999999,3:39:53,31.08
ID1550356877,0,7,4,-37.8618349,144.905716,-37.8142125,145.0116775,12347.0,2018-01-19,03:37:51,3805.74,4:41:16,20.5
ID1498864993,0,6,1,-37.7874421,144.9804091,-37.8126215,144.9738143,2987.0,2018-01-19,00:35:46,785.1600000000001,0:48:51,12.65
ID1637912985,0,6,8,-37.773845,144.9836895,-37.8158343,145.04645,10698.0,2018-05-22,06:27:35,2756.46,7:13:31,7.48
ID5449009023,2,5,1,-37.8122144,144.9281836,-37.8090588,144.9499813,2967.0,2018-06-04,19:09:07,802.3199999999999,21:27:40,67.28
ID3442646573,1,2,3,-37.8194114,144.9324236,-37.8113959,144.9829026,5884.0,2018-07-14,17:20:24,1434.4800000000005,19:55:34,19.11
ID1242748316,0,8,7,-37.8158343,145.04645,-37.8618349,144.905716,15151.0,2018-04-28,04:21:50,4917.479999999999,5:43:47,22.64
ID3972063077,1,1,2,-37.8156738,144.9663184,-37.8165079,144.9458344,2251.0,2018-02-05,15:51:37,625.5000000000001,16:02:02,12.95
ID1620776130,2,4,6,-37.800239,145.0152161,-37.773845,144.9836895,7833.0,2018-07-17,13:55:22,1810.0200000000007,14:25:32,11.6
ID1321231444,0,5,9,-37.804762,144.9241477,-38.1109156,144.6541725,44122.0,2018-07-06,13:03:13,10576.619999999999,15:59:29,27.17
ID3130317650,1,1,5,-37.8028643,144.9480984,-37.7954792,144.936073,1699.0,2018-03-12,09:32:12,420.65999999999997,9:39:12,6.96
ID1683614153,0,8,1,-37.807202,145.0266373,-37.8162646,144.9557341,7269.0,2018-07-27,00:30:19,1778.279999999999,0:59:57,15.91
ID1748975203,3,2,7,-37.822107,144.9383885,-37.8618349,144.905716,9692.0,2018-06-27,12:30:24,3306.18,13:25:30,13.91
ID3262537695,2,1,6,-37.8104487,144.9418731,-37.7908183,144.9857929,6757.0,2018-02-09,00:31:34,1715.5800000000002,1:00:09,21.94
ID5135763906,2,8,3,-37.807202,145.0266373,-37.8226242,144.9825669,5783.0,2018-02-10,22:33:03,1393.4399999999996,22:56:16,118.27
ID1549507001,0,8,9,-37.8158343,145.04645,-38.1109156,144.6541725,51032.0,2018-04-02,20:40:13,12681.059999999998,0:11:34,32.3
ID3924411947,3,3,7,-37.8238866,144.9739223,-37.8618349,144.905716,8423.0,2018-05-26,03:58:04,2872.92,4:45:56,30.61
ID3849429603,2,8,4,-37.807202,145.0266373,-37.8059414,144.9980461,2779.0,2018-03-20,15:08:02,698.8800000000001,15:19:40,12.08
ID3845300421,2,7,9,-37.8618349,144.905716,-38.1109156,144.6541725,50797.0,2018-05-20,06:39:51,13173.359999999999,10:19:24,57.51
ID1688934226,0,5,3,-37.8002124,144.9258168,-37.8193063,144.9897682,6903.0,2018-01-28,08:36:11,1663.6799999999994,9:03:54,9.26
ID5157831141,3,9,2,-38.1109156,144.6541725,-37.8166976,144.9319125,43278.0,2018-03-22,00:14:41,10387.679999999998,3:07:48,645.88
ID3199836070,1,6,1,-37.7907967,144.985865,-37.821639,144.9450746,5885.0,2018-02-27,16:00:45,1504.2000000000003,16:25:49,16.91
ID5452449954,2,4,2,-37.7990119,145.0063965,-37.8124034,144.9382877,7799.0,2018-07-07,15:17:48,2004.7199999999993,15:51:12,146.66
ID3530712821,1,1,4,-37.8024849,144.9754115,-37.814713,145.0060753,3900.0,2018-04-09,19:29:12,987.9600000000002,19:45:39,14.04
ID3807831815,3,5,7,-37.7966796,144.9353698,-37.8618349,144.905716,13257.0,2018-07-28,17:34:51,4175.9400000000005,18:44:26,31.05
ID3515808539,1,2,7,-37.8226384,144.935269,-37.8618349,144.905716,9978.0,2018-07-25,22:11:03,3250.56,23:05:13,24.11
ID5835066181,2,8,5,-37.8158343,145.04645,-37.8092101,144.9291215,10721.0,2018-03-16,18:12:58,3014.6999999999975,19:03:12,200.65
ID1668449406,3,5,3,-37.8061892,144.9294666,-37.8246444,145.0057775,8007.0,2018-02-08,17:37:16,1977.54,18:10:13,10.37
ID1691636169,0,8,9,-37.8158343,145.04645,-38.1109156,144.6541725,51032.0,2018-07-21,15:46:59,12681.059999999998,19:18:20,33.66
ID3345576982,1,6,3,-37.7907967,144.985865,-37.8168503,144.9879601,3415.0,2018-04-20,15:05:16,990.0000000000005,15:21:46,13.63
ID5225630238,2,4,8,-37.8127666,145.0127195,-37.807202,145.0266373,2724.0,2018-02-05,06:00:36,650.1600000000001,6:11:26,49.49
ID3535589080,1,7,5,-37.8618349,144.905716,-37.805324,144.933267,11087.0,2018-07-13,20:06:42,3581.8199999999997,21:06:23,21.66
ID1548271566,0,6,4,-37.7738026,144.9836466,-37.8032831,145.007438,9733.0,2018-07-05,12:34:27,2974.019999999997,13:24:01,12.35
ID1619071316,0,4,2,-37.8028947,144.9963921,-37.8127746,144.9396702,6080.0,2018-02-03,21:40:05,1525.3799999999992,21:14:40,17.24
ID5789876877,2,2,6,-37.8213996,144.9357672,-37.773845,144.9836895,8273.0,2018-04-09,09:32:31,1883.34,10:03:54,125.56
ID1942899909,0,6,1,-37.7738026,144.9836466,-37.8179326,144.9511252,9193.0,2018-05-17,15:54:55,2803.9199999999987,16:41:38,14.88
ID5907522436,2,7,2,-37.8618349,144.905716,-37.8156604,144.9389514,10346.0,2018-03-10,17:44:53,3426.3599999999983,16:47:47,232.48
ID3934115924,1,8,3,-37.8158343,145.04645,-37.8124011,144.9736078,6800.0,2018-01-04,20:58:45,2009.6400000000008,21:32:14,17.71
ID1707418799,0,4,6,-37.801178,145.0030763,-37.7874421,144.9804091,3819.0,2018-02-06,06:43:31,965.8200000000002,6:59:36,4.7
ID1473936108,0,6,3,-37.7738026,144.9836466,-37.8166516,144.9882044,9046.0,2018-01-27,17:32:12,2789.76,18:18:41,15.08
ID3521256616,1,1,8,-37.8096023,144.9637885,-37.807202,145.0266373,6130.0,2018-04-08,20:47:46,1549.3800000000003,21:13:35,20.2
ID3493895531,1,4,1,-37.8101255,144.9960895,-37.8056503,144.9537582,3801.0,2018-04-12,06:03:05,1040.6399999999999,6:20:25,9.58
ID5989000961,2,2,6,-37.8229997,144.9374944,-37.7738026,144.9836466,10670.0,2018-04-15,16:14:34,3009.48,17:04:43,208.34
ID5365968572,2,6,8,-37.7738026,144.9836466,-37.8158343,145.04645,13562.0,2018-04-19,02:17:34,4213.5599999999995,3:27:47,282.61
ID1810478435,0,9,2,-38.1109156,144.6541725,-37.8233965,144.9355797,43309.0,2018-07-16,03:39:43,10466.159999999998,6:34:09,30.74
ID1141143402,0,6,2,-37.773845,144.9836895,-37.8150378,144.9401497,6904.0,2018-01-10,11:08:07,1603.6800000000007,10:41:24,5.6
ID1584804457,0,7,9,-37.8618349,144.905716,-38.1109156,144.6541725,50797.0,2018-03-08,21:04:39,13173.359999999999,17:25:06,32.69
ID3688964928,1,6,3,-37.7874325,144.9803767,-37.8225268,144.9834835,4380.0,2018-04-07,23:55:55,1126.5000000000005,0:14:41,22.98
ID5303859298,2,4,9,-37.8104621,145.0130671,-38.1109156,144.6541725,48524.0,2018-02-22,23:00:24,11732.099999999999,19:44:52,717.34
ID3670276017,1,5,9,-37.7957633,144.9311383,-38.1109156,144.6541725,44541.0,2018-01-04,10:28:39,10749.359999999999,13:27:48,44.65
ID3149297236,1,6,1,-37.7874421,144.9804091,-37.8130154,144.9406963,5568.0,2018-04-13,02:43:07,1396.4999999999998,3:06:23,19.65
ID1599534276,0,4,7,-37.8127925,145.0105819,-37.8618349,144.905716,12117.0,2018-07-03,0:29:46,3787.38,23:26:39,21.19
ID3159707339,1,6,7,-37.773845,144.9836895,-37.8618349,144.905716,13169.0,2018-02-28,2:25:59,3866.460000000001,01:21:33,27.87
ID1580995523,0,3,2,-37.8122898,144.9903617,-37.8224083,144.9475061,4158.0,2018-04-26,11:37:53,1124.2800000000004,11:56:37,5.67
ID3925508002,1,9,6,-38.1109156,144.6541725,-37.7908183,144.9857929,47186.0,2018-06-18,18:42:48,11423.220000000008,21:53:11,51.79
ID5459138977,2,6,7,-37.7874421,144.9804091,-37.8618349,144.905716,11630.0,2018-05-22,01:04:10,3697.0200000000013,2:05:47,249.9
ID3813901621,1,6,2,-37.773845,144.9836895,-37.8156084,144.9357637,7170.0,2018-01-05,16:34:14,1564.7399999999996,17:00:18,16.6
ID5674940842,2,2,4,-37.8132321,144.9313859,-37.8000623,145.0052351,8383.0,2018-03-06,1:17:04,2201.94,00:40:23,158.17
ID5294094629,2,9,7,-38.1109156,144.6541725,-37.8618349,144.905716,50797.0,2018-06-11,19:29:34,13204.979999999994,23:09:38,806.76
ID1531550879,0,9,6,-38.1109156,144.6541725,-37.7738026,144.9836466,51061.0,2018-02-25,8:03:24,12952.44000000001,04:27:32,38.88
ID1826270911,0,7,6,-37.8618349,144.905716,-37.7874421,144.9804091,11630.0,2018-01-16,13:05:52,3678.539999999999,14:07:10,12.71
ID5879068112,2,5,4,-37.809067,144.9287565,-37.8047422,144.989711,6011.0,2018-03-14,08:04:55,1510.6200000000001,8:30:05,102.86
ID5832276051,2,8,6,-37.8158343,145.04645,-37.773845,144.9836895,10698.0,2018-06-02,0:12:48,2735.16,23:27:13,200.09
ID3682158208,1,9,7,-38.1109156,144.6541725,-37.8618349,144.905716,50797.0,2018-06-08,03:53:15,13204.979999999994,7:33:19,62.52
ID3459544652,1,6,8,-37.773845,144.9836895,-37.8158343,145.04645,10698.0,2018-01-14,21:24:10,2756.46,22:10:06,28.72
ID5183813248,2,8,5,-37.807202,145.0266373,-37.7997859,144.9348862,10182.0,2018-01-13,17:44:42,2622.360000000001,18:28:24,184.03
ID3988188135,1,1,8,-37.8044772,144.9631866,-37.807202,145.0266373,6095.0,2018-04-12,09:51:07,1576.9800000000002,10:17:23,12.0
ID3729929051,1,8,3,-37.807202,145.0266373,-37.8139844,144.9835993,4798.0,2018-03-10,14:27:24,1163.4599999999998,14:46:47,19.1
ID5343136089,2,2,6,-37.8182341,144.9474408,-37.7874421,144.9804091,5417.0,2018-02-12,12:13:40,1357.9800000000002,12:36:17,100.81
ID3226869453,1,3,1,-37.8136748,144.9818194,-37.8197891,144.9613321,2053.0,2018-06-03,15:58:48,556.92,16:08:04,16.47
ID3371458587,1,9,2,-38.1109156,144.6541725,-37.8122538,144.9386636,42596.0,2018-05-02,03:57:45,10201.919999999996,6:47:46,51.85
ID1813947089,0,1,5,-37.8141573,144.9519095,-37.8096704,144.9261939,2869.0,2018-05-22,08:20:14,747.4200000000001,8:32:41,4.53
ID1733463517,0,4,8,-37.7989614,145.0109993,-37.807202,145.0266373,2289.0,2018-16-07,12:44:06,575.28,12:53:41,8.48
ID3544630006,1,3,6,-37.8229098,144.9751892,-37.7738026,144.9836466,9244.0,2018-05-12,17:19:46,2860.92,18:07:26,24.73
ID1864942692,0,4,9,-37.8110215,145.015575,-38.1109156,144.6541725,48742.0,2018-07-01,10:24:35,11779.019999999999,13:40:54,27.54
ID3306706245,1,4,6,-37.7993985,144.9997805,-37.7874421,144.9804091,3360.0,2018-17-02,05:23:09,866.3400000000001,5:37:35,22.1
ID1353231393,0,8,3,-37.8158343,145.04645,-37.821258,145.005661,4704.0,2018-22-06,23:11:07,1507.7999999999997,23:36:14,14.72
ID5448289100,2,1,7,-37.8082532,144.9602574,-37.8618349,144.905716,8748.0,2018-06-03,14:24:47,2970.24,15:14:17,204.69
ID3554319024,1,9,5,-38.1109156,144.6541725,-37.8046827,144.9200194,44399.0,2018-04-08,22:26:43,10643.699999999995,1:24:06,58.3
ID3935435201,1,5,8,-37.7990373,144.9326219,-37.8158343,145.04645,10378.0,2018-02-11,01:56:37,2886.4800000000005,2:44:43,29.91
ID3607561327,1,2,7,-37.8179644,144.9460629,-37.8618349,144.905716,9307.0,2018-01-05,02:41:40,3127.86,3:33:47,25.75
ID3568767283,1,6,7,-37.7907967,144.985865,-37.8618349,144.905716,11711.0,2018-01-23,23:33:15,3866.9400000000014,0:37:41,29.05
ID1759690194,0,4,6,-37.7996025,144.9953789,-37.7907967,144.985865,1961.0,2018-20-03,19:12:40,587.8799999999999,19:22:27,11.63
ID1301279703,0,4,7,-37.8025594,145.0146631,-37.8618349,144.905716,12948.0,2018-02-18,03:22:27,4161.000000000002,4:31:48,21.92
ID1993819906,0,3,7,-37.8189685,144.9849984,-37.8618349,144.905716,9173.0,2018-04-25,04:46:38,3003.2999999999997,5:36:41,17.43
ID1233559831,0,1,5,-37.8081644,144.941866,-37.806898,144.9269769,2456.0,2018-03-04,13:26:43,734.8799999999999,13:38:57,12.46
ID1155278336,0,5,3,-37.802179,144.9346166,-37.8076532,144.9893385,5716.0,2018-04-21,03:47:23,1467.6600000000003,4:11:50,19.35
ID1160508361,0,2,1,-37.8148522,144.9450096,-37.8111201,144.9700211,2535.0,2018-04-23,20:49:38,678.9000000000004,21:00:56,8.48
ID3987993530,1,5,2,-37.8044173,144.9346911,-37.8206841,144.9413672,2657.0,2018-01-16,07:42:25,695.8199999999999,7:54:00,8.94
ID1363728163,0,6,5,-37.7907967,144.985865,-37.8000554,144.9284168,7173.0,2018-07-05,14:31:57,1938.7800000000016,15:04:15,11.43
ID1988913285,0,9,1,-38.1109156,144.6541725,-37.8055154,144.9434756,43198.0,2018-06-03,17:39:17,10355.219999999994,20:31:52,28.8
ID3993455256,1,8,2,-37.8158343,145.04645,-37.8138383,144.9348805,11051.0,2018-06-21,13:00:56,3087.8399999999997,13:52:23,20.69
ID3740781167,1,5,4,-37.8053575,144.9271491,-37.8053194,145.0150414,8693.0,2018-06-27,23:31:21,2211.54,0:08:12,24.45
ID3879504509,1,3,7,-37.8117628,144.985371,-37.8618349,144.905716,9562.0,2018-18-07,00:04:06,3235.1400000000003,0:58:01,25.75
ID5596685720,2,2,6,-37.8243951,144.9444393,-37.773845,144.9836895,7636.0,2018-01-07,11:12:17,1737.1800000000005,11:41:14,123.57
ID1657666700,0,3,6,-37.8215769,145.0022939,-37.7907967,144.985865,4878.0,2018-01-14,17:33:54,1330.2600000000002,17:56:04,12.0
ID3261771129,1,3,7,-37.8245444,144.9888975,-37.8618349,144.905716,9225.0,2018-06-31,19:56:49,3028.26,20:47:17,24.14
ID5809246572,2,4,8,-37.8099809,144.9991534,-37.8158343,145.04645,4262.0,2018-06-06,07:39:35,1349.4,8:02:04,92.04
ID1943715658,0,3,9,-37.8177496,144.9746972,-38.1109156,144.6541725,44540.0,2018-07-21,18:41:41,10712.64,21:40:13,30.65
ID3380855388,1,3,1,-37.8246995,144.9847221,-37.812301,144.9623539,2798.0,2018-05-18,21:11:29,710.82,21:23:19,18.29
ID3613735420,1,9,4,-38.1109156,144.6541725,-37.8158459,145.0154183,49450.0,2018-04-31,02:20:10,11981.280000000004,5:39:51,62.1
ID3121748534,1,7,1,-37.8618349,144.905716,-37.8142488,144.9745315,8542.0,2018-04-23,13:55:54,2934.2999999999993,14:44:48,20.61
ID5554846859,2,6,8,-37.7908183,144.9857929,-37.807202,145.0266373,4835.0,2018-04-31,04:43:03,1248.9600000000003,5:03:51,103.4
ID1585111173,0,8,5,-37.8158343,145.04645,-37.8096704,144.9261939,11277.0,2018-07-25,02:01:45,3173.3399999999974,2:54:38,17.35
ID1233749725,0,6,9,-37.7874325,144.9803767,-38.1109156,144.6541725,47033.0,2018-05-19,06:41:33,11350.5,9:50:43,27.83
ID3810796722,1,7,2,-37.8618349,144.905716,-37.8147542,144.9376992,10356.0,2018-02-30,06:56:05,3401.8799999999987,7:52:46,17.34
ID1653642277,0,9,8,-38.1109156,144.6541725,-37.8158343,145.04645,51032.0,2018-01-01,03:48:17,12681.060000000005,7:19:38,34.67
ID3583809729,1,4,5,-37.8103519,145.0152102,-37.8019203,144.9343176,8277.0,2018-01-17,20:28:02,2086.500000000001,21:02:48,18.21
ID3679693274,1,2,5,-37.8243787,144.9441878,-37.8067273,144.9379718,2806.0,2018-06-31,03:41:06,705.3599999999999,3:52:51,16.3
ID1529355527,0,5,6,-37.7996552,144.9371242,-37.7907967,144.985865,7561.0,2018-02-30,05:04:40,2187.18,5:41:07,19.14
ID5644467795,2,7,8,-37.8618349,144.905716,-37.8158343,145.04645,15151.0,2018-02-24,23:02:48,4911.599999999998,0:24:39,328.2
ID1542695029,0,4,9,-37.8052497,145.0151727,-38.1109156,144.6541725,48745.0,2018-05-17,12:26:56,11822.099999999999,15:43:58,28.18
ID1468216180,0,7,4,-37.8618349,144.905716,-37.8030258,145.0049365,12179.0,2018-05-08,23:55:21,3850.319999999998,0:59:31,20.5
ID1768448145,0,5,3,-37.8047307,144.9352156,-37.820262,144.9688492,4078.0,2018-06-09,01:42:07,1044.18,1:59:31,17.33
ID1537276443,0,8,7,-37.8158343,145.04645,-37.8618349,144.905716,15151.0,2018-06-31,15:40:05,4917.479999999999,17:02:02,19.54
ID1852539257,0,1,6,-37.8035728,144.9490381,-37.7907967,144.985865,4823.0,2018-04-31,00:41:17,1330.2000000000005,1:03:27,18.18
ID1119313918,0,7,8,-37.8618349,144.905716,-37.8158343,145.04645,15151.0,2018-04-31,13:22:59,4911.599999999998,14:44:50,17.92
ID1283633655,0,7,5,-37.8618349,144.905716,-37.8057182,144.9327928,10942.0,2018-02-30,17:18:10,3591.479999999999,18:18:01,13.45
ID3867117848,1,6,4,-37.773845,144.9836895,-37.8108595,145.0073706,7929.0,2018-07-28,00:43:13,1770.1800000000007,1:12:43,24.42
ID3980030300,1,3,1,-37.816051,144.9694919,-37.8005422,144.9459658,3126.0,2018-07-23,09:42:10,824.9400000000004,9:55:54,10.37
ID1540709708,0,7,9,-37.8618349,144.905716,-38.1109156,144.6541725,50797.0,2018-01-11,07:59:35,13173.359999999999,11:39:08,27.7
ID3227440479,1,8,2,-37.8158343,145.04645,-37.8134525,144.9357542,10279.0,2018-02-25,08:02:43,2866.4999999999986,8:50:29,19.41
ID1937232847,0,8,6,-37.807202,145.0266373,-37.7874325,144.9803767,5793.0,2018-01-22,12:02:22,1493.5200000000002,12:27:15,9.2
ID5683103634,2,3,2,-37.8126215,144.9738143,-37.8178305,144.9487158,2480.0,2018-07-28,19:25:02,632.52,19:35:34,65.33
ID1545139623,0,7,8,-37.8618349,144.905716,-37.807202,145.0266373,13986.0,2018-03-28,03:59:17,4292.399999999998,5:10:49,20.85
ID3492793782,1,7,2,-37.8618349,144.905716,-37.8136209,144.9441466,9702.0,2018-04-19,10:29:18,3217.0799999999986,11:22:55,16.76
ID3840976251,1,3,1,-37.818105,144.9802333,-37.8179326,144.9511252,2951.0,2018-01-18,23:59:33,699.3600000000001,0:11:12,18.02
ID1890263354,0,4,1,-37.8105799,145.0007616,-37.8083294,144.9772997,2097.0,2018-01-24,12:26:42,511.92,12:35:13,7.46
ID1180917472,0,8,7,-37.807202,145.0266373,-37.8618349,144.905716,13986.0,2018-03-01,08:26:52,4298.280000000001,9:38:30,11.97
ID3393868083,1,1,5,-37.8162012,144.9373958,-37.8052568,144.9337541,1627.0,2018-03-25,08:04:35,416.7599999999998,8:11:31,11.84
ID5173900622,2,8,9,-37.8158343,145.04645,-38.1109156,144.6541725,51032.0,2018-03-21,21:43:56,12681.059999999998,1:15:17,783.93
ID1665025590,0,8,9,-37.807202,145.0266373,-38.1109156,144.6541725,49777.0,2018-01-13,14:29:17,12069.779999999999,17:50:26,32.27
ID1476741002,0,6,8,-37.7908183,144.9857929,-37.8158343,145.04645,7471.0,2018-07-09,09:32:32,2192.7000000000003,10:09:04,6.8
ID1447009107,0,1,3,-37.8084351,144.9430765,-37.824281,144.9851016,4776.0,2018-06-15,19:55:54,1212.4200000000003,20:16:06,10.06
ID3439315049,1,5,9,-37.8099116,144.9359473,-38.1109156,144.6541725,42812.0,2018-03-15,20:43:09,10252.859999999999,23:34:01,47.59
ID1377523280,0,5,3,-37.8061908,144.9329846,-37.8241979,144.9837448,5743.0,2018-03-27,12:34:28,1438.2600000000007,12:58:26,11.09
ID3251282313,1,8,7,-37.8158343,145.04645,-37.8618349,144.905716,15151.0,2018-07-04,09:56:33,4917.479999999999,11:18:30,23.28
ID1332079476,0,3,1,-37.8159539,144.9865358,-37.8093687,144.9684071,2143.0,2018-04-27,00:31:23,534.9600000000002,0:40:17,13.13
ID3537545477,1,3,7,-37.8147426,144.988047,-37.8618349,144.905716,9754.0,2018-07-17,13:27:31,3257.8800000000006,14:21:48,22.35
ID1950835765,0,2,5,-37.8251392,144.9364483,-37.802981,144.9359376,3775.0,2018-02-11,06:35:53,934.44,6:51:27,7.4
ID3306368450,1,4,1,-37.8037783,145.0052396,-37.8006652,144.9723164,3351.0,2018-02-02,12:41:41,860.5800000000004,12:56:01,13.53
ID3149740863,1,2,4,-37.8143317,144.9359226,-37.8061766,144.9981085,6197.0,2018-05-25,03:43:12,1518.5400000000004,4:08:30,20.99
ID1269423684,0,2,3,-37.8206696,144.9411187,-37.8209454,144.9919043,4812.0,2018-03-03,09:04:08,1142.8200000000004,9:23:10,8.25
ID1802060567,0,7,8,-37.8618349,144.905716,-37.8158343,145.04645,15151.0,2018-02-23,20:17:15,4911.599999999998,21:39:06,15.71
ID1230083991,0,8,7,-37.8158343,145.04645,-37.8618349,144.905716,15151.0,2018-03-19,15:10:39,4917.479999999999,16:32:36,15.66
ID5799041871,2,3,6,-37.8238502,144.9836936,-37.7908183,144.9857929,4060.0,2018-02-09,17:44:07,992.16,18:00:39,81.27
ID1689428491,0,3,9,-37.8243107,144.9801851,-38.1109156,144.6541725,45231.0,2018-01-07,21:37:43,10917.24,0:39:40,36.51
ID5436164752,2,3,1,-37.8187231,145.0037836,-37.81434,144.9546842,4870.0,2018-03-22,05:20:15,1209.9000000000015,5:40:24,101.61
ID1873003799,0,1,6,-37.8137647,144.9643365,-37.773845,144.9836895,5078.0,2018-05-13,18:33:36,1057.08,18:51:13,13.58
ID1879794341,0,6,2,-37.7907967,144.985865,-37.8219328,144.9375474,7014.0,2018-03-24,20:07:36,1937.460000000001,20:39:53,14.74
ID1656512041,0,5,7,-37.8067216,144.9321165,-37.8618349,144.905716,11017.0,2018-02-03,17:31:30,3518.34,18:30:08,19.32
ID3892942529,1,4,5,-37.810443,145.0108838,-37.8106998,144.9283886,8201.0,2018-02-09,02:54:54,2075.579999999999,3:29:29,22.41
ID1431512711,0,5,4,-37.7998166,144.9362469,-37.810693,145.0110926,7364.0,2018-03-05,08:26:02,1811.2200000000003,8:56:13,7.86
ID1897395762,0,7,2,-37.8618349,144.905716,-37.8133627,144.9416517,9965.0,2018-07-27,04:30:13,3293.6399999999985,5:25:06,18.1
ID3437430621,1,1,3,-37.8032428,144.9491271,-37.8187148,144.9970697,5171.0,2018-01-04,12:51:26,1336.7999999999997,13:13:42,14.24
ID1339734591,0,7,3,-37.8618349,144.905716,-37.818138,144.9692103,7757.0,2018-04-23,23:35:49,2739.4799999999987,0:21:28,17.72
ID5487882885,2,3,8,-37.8176644,144.9705281,-37.807202,145.0266373,6651.0,2018-07-25,07:08:40,1678.3800000000006,7:36:38,113.42
ID3997088437,1,4,1,-37.8104145,144.995982,-37.8143075,144.9701809,2697.0,2018-06-12,05:51:26,701.7600000000004,6:03:07,17.92
ID5323579349,2,6,2,-37.773845,144.9836895,-37.8210947,144.9268047,9263.0,2018-03-17,04:02:51,2117.6400000000012,4:38:08,163.23
ID1873232769,0,5,4,-37.8033171,144.9368699,-37.8103794,145.0144404,7870.0,2018-04-09,05:30:06,1964.0400000000004,6:02:50,16.44
ID3626808927,1,2,8,-37.8133487,144.9312518,-37.8158343,145.04645,11271.0,2018-07-24,16:57:36,3157.92,17:50:13,21.61
ID1822609871,0,7,4,-37.8618349,144.905716,-37.8041864,144.9965002,11261.0,2018-06-15,22:02:38,3663.299999999998,23:03:41,19.42
ID3354304047,1,5,2,-37.8161428,144.9287483,-37.8127606,144.9349737,2258.0,2018-05-23,19:22:53,547.86,19:32:00,11.4
ID3833911825,1,4,9,-37.8162179,145.0073956,-38.1109156,144.6541725,47584.0,2018-04-03,20:12:46,11418.96,23:23:04,52.03
ID3300567758,1,7,3,-37.8618349,144.905716,-37.825172,144.9826071,8820.0,2018-05-07,02:31:11,2902.74,3:19:33,24.83
ID1641371917,0,7,2,-37.8618349,144.905716,-37.8181701,144.9503585,8879.0,2018-04-14,00:50:38,3040.319999999998,1:41:18,21.75
ID1753828275,0,9,3,-38.1109156,144.6541725,-37.823175,144.9660952,43895.0,2018-06-03,15:50:21,10663.919999999996,18:48:04,31.98
ID3542328587,1,8,3,-37.807202,145.0266373,-37.8149608,144.9862468,4712.0,2018-01-16,03:04:20,1126.9800000000002,3:23:06,16.64
ID5414526075,2,4,5,-37.8025582,144.9930549,-37.8031529,144.9367305,6062.0,2018-04-01,02:21:13,1498.620000000001,2:46:11,124.95
ID3706918128,1,5,2,-37.7954792,144.936073,-37.815083,144.9276048,4303.0,2018-01-23,18:58:13,985.1400000000006,19:14:38,14.23
ID3352005465,1,2,1,-37.8245081,144.9466458,-37.8045392,144.9560872,2929.0,2018-07-24,10:58:17,700.8000000000004,11:09:57,6.8
ID3372057733,1,6,8,-37.7907967,144.985865,-37.8158343,145.04645,7470.0,2018-07-10,09:07:52,2302.38,9:46:14,11.92
ID5981492047,2,1,9,-37.8073053,144.9732282,-38.1109156,144.6541725,44574.0,2018-06-26,01:27:14,10826.939999999999,4:27:40,672.73
ID5450671412,2,5,9,-37.7882653,144.9292018,-38.1109156,144.6541725,45390.0,2018-03-22,01:11:53,10816.5,4:12:09,671.31
ID1880827309,0,6,7,-37.7738026,144.9836466,-37.8618349,144.905716,16033.0,2018-01-22,23:37:27,5323.559999999998,1:06:10,22.3
ID1143133696,0,4,2,-37.8022607,145.0030866,-37.8148324,144.9450731,5848.0,2018-05-15,07:33:22,1529.5800000000006,7:58:51,5.31
ID1917125893,0,7,8,-37.8618349,144.905716,-37.8158343,145.04645,15151.0,2018-01-14,20:10:29,4911.599999999998,21:32:20,19.54
ID3352351965,1,3,5,-37.8168503,144.9879601,-37.8062236,144.9323687,5753.0,2018-04-22,12:30:18,1448.3999999999996,12:54:26,20.15
ID1979733352,0,2,7,-37.8154839,144.9282243,-37.8618349,144.905716,11686.0,2018-02-22,15:46:12,3771.0,16:49:03,14.4
ID3198617586,1,9,5,-38.1109156,144.6541725,-37.7989053,144.9198257,45118.0,2018-01-27,15:51:53,10797.119999999999,18:51:50,53.23
ID1277927745,0,7,3,-37.8618349,144.905716,-37.8195214,144.9697262,7407.0,2018-04-04,15:59:30,2629.4399999999996,16:43:19,11.99
ID1536907247,0,2,6,-37.8255311,144.9516784,-37.7874421,144.9804091,5768.0,2018-07-11,23:15:04,1478.6400000000006,23:39:42,15.41
